market_id,hurst_exponent,c
572519,0.7519793037282673,0.4863524236141768
566187,0.39391175875977863,1.0124070513432757
572219,0.3744628294988292,1.280559517924769
560863,0.5842938957979674,0.8746507904316693
549324,0.47869571705463554,1.1122161896545135
527059,0.36040579943796913,1.3289733167339963
565771,0.5168939617672546,0.8200472387679405
567213,0.7088015237233313,0.4416965662305356
566265,0.40555159724753104,1.290671795510103
525332,0.47730891618470045,1.1161790498190143
566188,0.6020600859749253,0.8594644782820287
560869,0.7008906048349756,0.5553333540984909
559677,0.7326342856605056,0.5628242063469807
569116,0.3941233751455462,1.1611816628656053
541627,0.35955749109704427,1.6012116312135185
566044,0.46632623233508946,0.9425947639410442
569379,0.30862590789836086,1.6242073314654224
540280,0.6079926158201961,0.6465313284695228
541617,0.30167604869034426,1.4337976564814632
566921,0.5600264974512534,1.0699478088134355
563375,0.34484208672349304,1.4186784371444816
566142,0.6546938266290707,0.4908122418188437
565787,0.502718021232782,0.8745771382275405
565767,0.5155040567414925,0.8544553195091636
527055,0.21374313399394768,2.4744588162004977
572724,0.5463561027781084,0.9627518854687628
566657,0.37190019638673966,1.2938235302352954
525376,0.29831011502899696,1.3515997884556106
572186,0.7071485556359148,0.5794179965585196
566195,0.662926223801869,0.5989879620853752
564349,0.7209917376683967,0.5540255834076256
567307,0.48708315501208677,0.9670661091972976
567214,0.6768207770108897,0.5586853818989762
567056,0.6506439324919319,0.6382156326757072
569992,0.492702742724266,1.094364834457611
564418,0.5905500362240585,0.6669723575584044
553874,0.3206873447152395,1.432162346682689
567563,0.4972816966678153,1.1325141287952567
537882,0.5069834325177854,1.0136178143927568
567141,0.596945688526793,0.8737586793544719
564210,0.4467603144852138,1.1635476366968454
567137,0.6330282546070886,0.6623119560764681
525414,0.4856920497915926,0.9075460639766463
569259,0.46092411230912245,0.857009905199961
559586,0.423030750372736,1.0064526786263674
565226,0.48907376707331535,1.1125984236759623
541615,0.5717871376327326,0.953705522591598
554710,0.5371677449796957,0.8599551602515708
565757,0.5664179768536786,0.5721166491180514
521934,0.43561505787564625,1.0274371274849414
561407,0.6929630766151947,0.5621221369937756
569266,0.6741719513808558,0.6030138172475928
573262,0.5756017822420048,0.8928649089250514
525388,0.5128036254284741,0.7456440176817992
569832,0.37231317129452424,1.5559744052578564
559661,0.482905957034142,0.9733530491241145
572751,0.6159824908566474,0.8861011503297359
559655,0.7384735255780871,0.5470699333841494
558934,0.6900552586732986,0.519509145932714
567499,0.5386294494918761,1.0584477563329335
565741,0.5973962445292729,0.7420905524997509
569256,0.6172030225559557,0.7331076781334709
541619,0.3418167345155736,1.4014045000192383
522149,0.4785568491380632,0.7652198343204017
566743,0.4810311662409715,1.13694442257138
540212,0.42202614081552076,1.4077800699821152
529279,0.4791220825872427,1.1270605551262725
572648,0.6607506720477743,0.6042594028841196
519732,0.4875982897440991,1.3790177729625757
569995,0.6750394122998221,0.900034913656164
572961,0.280314549060504,1.7426044347062253
572000,0.7925229648208885,0.5363598609603284
564433,0.3753445982949114,1.4133166264280217
529278,0.3927395896519822,1.1991189099462678
566300,0.6152907817094575,0.7051847235789597
559278,0.03734957996929407,2.2602659705655035
553832,0.5701135742040605,0.8116075179778693
565759,0.5042965017109409,0.9002851595096211
542170,0.4034560231542035,1.3267597633493968
567169,0.6687649493877756,0.827606663130406
553864,0.49861192663768433,1.0144716918407302
559652,0.6642242124925771,0.6162797227790308
535644,0.6092228161299834,0.8613627382727875
516864,0.523465744268074,1.0501534900058866
521946,0.3675165903002791,1.1393931373795425
569362,0.6079588361525051,0.7892948820299793
516879,0.48108619515309914,1.4773359108662523
561649,0.4923758460547278,1.0866959613152127
567142,0.6103443480784422,0.8575311951383622
565221,0.4897963406869576,0.9412565094551167
572852,0.5475948119430535,0.8633205200159222
566070,0.5604277848669358,0.7707684393141829
566536,0.7897231423940789,0.5216656008167768
569833,0.6467654403934554,0.7680563708362047
569454,0.5889945853727359,0.8227676125441632
572636,0.5614442969211139,0.6818924086742862
527801,0.37539866224712126,1.3132963011735515
570268,0.3982641702357218,1.3971427990010628
566613,0.7351434200917332,0.5793197449720224
525395,0.4291315504807177,1.2958889581459136
572554,0.6284191921008996,0.8009328425570795
529656,0.4979300122449806,1.0091459785636614
572784,0.5599145305163313,0.9350062675001264
566141,0.7123933809483692,0.5227097878385641
569680,0.5220698943903582,1.071322988327352
570393,0.5704983197675855,1.0204312731210996
525391,0.6259237859075757,0.6804156215934303
538929,0.6343003257351568,0.7713505803878732
565784,0.5597480320972426,0.6785253305187601
571190,0.49336082083381533,1.19888326220905
571963,0.537948387132856,0.9282139792567389
564224,0.3414752026974856,1.270243924526869
567688,0.5521576076612873,1.0002871003462697
527577,0.5020982632720978,0.9729597370704449
561248,0.6264165889916445,0.6695409836997258
571869,0.7919887023448553,0.5625143035249626
571202,0.447374588904151,1.306424242182043
568052,0.4596745430946902,1.2020429040410092
549631,0.526509247713929,0.835263621536918
570359,0.4936276306127399,1.1265284451607498
566541,0.6575371881605736,0.6592688441312586
516719,0.5445076346385135,1.0909297503412478
527045,0.36165637794415173,1.3307530704060424
530745,0.44871717129322714,0.9552653308625294
559332,0.39016332346911475,1.311487651593348
563081,0.7410823607211495,0.41748097529924116
549370,0.49267245411034766,0.8312685198653226
564112,0.4763202637994428,0.9530505760341409
566168,0.6310667069066953,0.7964662407435164
569718,0.5651668070644089,0.7696711990539341
540209,0.39964973422228695,0.9906010846759189
566238,0.4773804208708737,1.3859582437740487
520432,0.605130388504502,0.7554902172634982
564177,0.6452670786428159,0.5876180550382838
566270,0.6303620905815224,0.6088971705078141
538928,0.530641496666705,0.8861776079221929
564165,0.707800782921685,0.5370111033199788
572939,0.5976541575657685,0.7572117232432886
570841,0.5320053282539667,1.1686299729493743
566203,0.5836729737823498,0.7921454098962959
561980,0.7893692562283127,0.4394529193824322
570837,0.6792308860111187,0.8586531182012267
571237,0.5055769750924494,1.2184216709352969
559665,0.7476293346696887,0.4782880896418528
567185,0.5721195099694087,0.6887794435602642
521916,0.6684930361873022,0.6315686612197215
564650,0.4882106730787875,1.0745699369686563
538291,0.6409943272662436,0.7489664450318761
570878,0.6492315241043246,0.8570538685153413
537908,0.4160482871790801,1.1701848492688371
551978,0.7157827227518306,0.6031404329398256
568117,0.46168452539693333,0.9532206781896687
572520,0.6596663455682271,0.7128803515330313
566766,0.5600698986678636,0.8007930781065137
569283,0.32323989779481443,1.4012342643795548
558340,0.4450808675901877,1.1796281657806265
543272,0.5142346896915866,0.9290262487617585
572182,0.6118670514443522,0.802231123231608
565232,0.32801103971830625,1.4407520226043644
570379,0.5609373753672238,1.3545836429569482
569260,0.5125126215741083,0.9277908540435716
559320,0.3885088471962921,1.2419179759154066
565930,0.5688050412865501,0.8578722066765536
524154,0.36355334824602115,1.4325142549841026
571220,0.48593335951199046,1.6420256768547192
572949,0.278103603908531,1.7473151715247133
572472,0.46219015729527385,1.3850554636728598
539223,0.5101364279933644,1.2294778165093314
529302,0.63041988232943,0.6884477865259647
566169,0.7468504321605459,0.6012469075591818
564169,0.6592632793774365,0.6586867195501555
572110,0.4906006779868203,0.8616698883012511
561599,0.508428944016193,0.7737871871136683
570934,0.37756696247049665,1.3620495742869436
566097,0.3131647336423738,1.790573611760616
572510,0.44793241767869857,1.467650892649702
527808,0.4683576607760726,1.1791847013806211
564386,0.42942740202013685,1.0951113369475212
544084,0.5616923845894162,0.9017605148802215
561985,0.7180131693259907,0.5568350224137417
564220,0.3154577153999059,1.3995351232714304
571888,0.7279971446930013,0.524216218379833
566511,0.4404593557874436,1.250359239732211
567030,0.4773360320100872,1.1020340657090664
517316,0.34685235815933296,1.4590041623461838
544086,0.5699981650147709,0.794687300529688
559669,0.46500011330053215,0.9993120381995111
572588,0.6573527430333168,0.7062908510031265
573410,0.6259333335631292,0.7412648264763422
571205,0.5330266343858839,1.312049329885744
571230,0.48740130554749106,1.6111469217853542
516865,0.522986099943814,1.1330953547205516
527869,0.38682866578068364,1.3945210374449648
559583,0.4709255558455207,0.9102484399199421
572710,0.640792079710742,0.5949679163000389
559568,0.5407362398455059,1.0461072901987485
525394,0.5469712500690433,0.758800754556619
540278,0.527808617212676,0.819416368928688
567467,0.5435942515604126,1.0562002829760868
564436,0.472299900174535,1.1845348615514
567535,0.4550332449456416,1.1195997741627095
569726,0.5423858013167646,0.8273554335871753
561607,0.5229221373327351,0.8034559930234113
568116,0.6004079816875151,0.6384007843163529
553827,0.6523221618131443,0.6232233388998725
573556,0.4415453919018673,1.2611133759960802
573407,0.38698347490070895,1.6259937763240058
559685,0.558830879392193,0.6509045354991159
559654,0.5822675749677799,0.8083100530000203
549870,0.5861039108205384,0.7033296503109363
553873,0.36882471643593445,1.3429756997999367
572946,0.49047413569840315,0.8934428232558355
572783,0.4103461777667722,1.1783178705035702
541621,0.4308034274908785,1.3028874507638641
572514,0.4693321637682733,1.8952618669536763
559331,0.3701603760882395,1.3249182773879753
572549,0.6007982715970849,0.7970396407992472
541813,0.4953372475035648,1.0128539756140826
567522,0.2542697790683148,1.9356934829153027
550435,0.6129858026932683,0.760351473602535
549624,0.33409490091728117,1.5339098329000789
566718,0.47238642998768837,1.4185379224010242
570091,0.6156183831236798,0.6540265839359926
520630,0.4657968628264837,1.0632285091101612
527796,0.47944653776625024,1.0307420795520896
567300,0.46472602875471636,1.0181089714826503
572396,0.35250045123354207,1.1645940983505938
539045,0.47130084778741593,1.0980864973274767
566211,0.6984333807586356,0.6226809653384798
567540,0.6417710429523816,0.8002738156550261
565761,0.47419102574317473,0.9558829751096435
559321,0.30469182563472363,1.3300892462816596
540214,0.6467780750952147,0.67339844743441
564350,0.6876503059873131,0.7156777714097505
566153,0.5519670964817184,0.8183545131474538
561406,0.48555193214232717,1.097016298555847
572766,0.5526163161565426,0.8265009558970096
546263,0.5638357779485379,0.8116083745114884
516724,0.605241252089572,0.7277966475428118
567210,0.6880374648280737,0.5137168379033441
558936,0.7064384844634218,0.5951162291103173
570067,0.638490210855315,0.6335785404353931
564439,0.3384606048207075,1.3903159306790813
570849,0.5912615567884427,0.8947797502717578
525452,0.7886763599695533,0.40188646457044297
561981,0.6916355214028268,0.5578780708086617
540220,0.4855556486716748,1.057723502541539
564303,0.5643988538015873,0.9367697505095551
524021,0.6863775516012897,0.7165197195745038
559304,0.038799647716218424,2.317532062605676
565748,0.5482498020233302,0.695813044703795
571218,0.4681683823843127,1.428121307024271
521947,0.31035959252908907,1.4206304733275077
556122,0.5136537572493388,1.0423510153263196
570895,0.6624642243766945,0.778381111944962
572649,0.6391481631116113,0.6722808617101689
571049,0.4339150900613362,1.395827898746363
559587,0.446655256038898,0.9715005165771244
525453,0.5141610836562333,0.894938630641515
519049,0.6016508537952616,0.7495858336806442
566252,0.5142506499484898,0.9932525671305913
555491,0.4897818303285541,0.9145226372379766
521873,0.4801363145195778,1.1568941815897695
566326,0.5820763284451643,0.9698621830447866
569249,0.34564331602417175,1.7485942731482522
541622,0.6115644996714881,0.8510563223168509
523199,0.5565145967893325,0.9685866486843319
563720,0.5915452382205258,0.7244889998337203
572965,0.4395424841790995,1.0778547621252215
559302,0.029786541819766428,2.3811392607230233
561608,0.6845840892305999,0.507553485115651
541625,0.5428075121240101,0.7626900505166188
533850,0.661913348956026,0.6020429063014336
573406,0.6406173241240123,0.7148443810827715
557954,0.43715056575451366,1.3715669763270781
564319,0.414467014143169,1.3828622413504341
572221,0.3799615840755973,1.4557509250262313
559663,0.5405567421957915,0.9360326065383274
572548,0.6534160739496575,0.6692111061327664
570833,0.6683502465087507,0.7398721800741496
561669,0.3683844597563142,1.3173185571847181
521996,0.51618744725845,0.9101576242148349
552579,0.596261614110283,0.834615054796353
569265,0.6588768620371653,0.6502556389460474
572850,0.6264237942710854,0.6291188624011008
572779,0.4567766562361389,0.9480329103030286
569881,0.616508939671335,0.7497785893601948
572705,0.6806342899875725,0.5857721913005528
567264,0.6049264461039765,0.9935559192990691
535645,0.7038083632771457,0.4800369647112449
563716,0.6533504293055913,0.6745672846946335
538937,0.45221435149447714,1.1317034689927459
572187,0.5848163417557136,0.7927453372424124
563675,0.7368319460760224,0.43909765657800315
571192,0.498332636646247,1.209567342973578
572940,0.41296691819098885,1.1135321910600795
565782,0.6223424609682269,0.6414335159726562
537888,0.48652948662623,1.1329342812358025
571950,0.7006520629042216,0.6361061419232625
573826,0.47775038694331107,1.2393703187385305
569713,0.4789083817496482,1.1114483527781227
569731,0.4889670779453479,1.1196528013283276
569826,0.8756874458269718,0.4651531861448082
569363,0.7400014108978208,0.4533243235328923
560872,0.6177713950448832,0.7218443293380429
573483,0.3886067493068001,1.2947994593821404
565742,0.505168756158011,0.9329295506646995
570953,0.4155599011702478,1.4930418514608146
553881,0.4256918878960565,1.391088280878452
559317,0.3773198141874147,1.3204783854302593
516863,0.5372780279369493,0.8224605752293519
569725,0.5170516695653156,0.9454982449164219
572398,0.35493164745544165,1.1816496710922453
561645,0.4772210293931173,0.9394235916992644
566244,0.5166734427408484,1.1198542872280248
572184,0.6950771113311978,0.6117822871397507
561233,0.5411491574168782,0.8881917063910102
567011,0.6680944520404432,0.5774595087405999
561234,0.4763940804500103,1.2678667758768456
561637,0.6011237905715163,0.6650436995894303
538301,0.33762781252318447,1.8547957492335878
566679,0.6225771161165473,0.709493330643332
561642,0.41510438267982447,1.1770035736285853
566216,0.666066642034875,0.6708363465823677
566194,0.5835486744101355,0.6825870696153137
572551,0.577405976301689,0.8704325973498549
572214,0.5070542708341386,0.9018857637320594
570085,0.4810806749080272,1.0925538215764388
572854,0.48639772511124424,0.978445431742977
537491,0.4721126766127877,1.0616991490037555
572921,0.6698992229246655,0.6632634277080502
529276,0.4493265632083721,1.3798086108408425
525361,0.5067250050366575,0.7001148880395448
561231,0.39224339209364484,1.243365138269692
516824,0.3392629020336964,1.214992964800706
540225,0.6186850915683776,0.749893240603139
540224,0.3321344195683758,2.18185016430627
562188,0.5403020012357272,0.8615904363406192
567521,0.4127128410874439,1.189273157803566
527049,0.44698599228391955,1.0652599573978374
569730,0.5058132826765538,1.1067538022920653
560865,0.666295766749307,0.6394075123308162
572583,0.4877221658926488,1.218573191549165
571221,0.48740130554749106,1.6111469217853542
573653,0.20318919238328736,3.0760210535464196
530747,0.42901240481398645,0.9694724798055111
572593,0.6429103757329276,0.816492495610436
566614,0.46531723708746314,1.481999859011801
518506,0.5080459295301873,1.1052098948423332
525368,0.5299714047707417,0.6058782821827994
526911,0.6292224529629259,0.7528814702429439
566990,0.6437744935070899,0.7424062420082775
566717,0.6825146669708069,0.5197271904181027
540260,0.2813820534482682,1.7916100063372677
571951,0.47470395311132874,1.1795097347564807
570019,0.5796944419734177,0.842426049089106
569207,0.5184679897960355,0.9761996981534212
567676,0.51196004926951,1.2350900659937882
563721,0.5793208936446742,0.9153635566492576
572469,0.7257393833541266,0.5789602385506025
553882,0.4514910877265522,1.1502909509686006
572737,0.6543260483732022,0.7635817380094901
565750,0.38701226245988996,1.0910642671610933
567168,0.5814119743339514,1.3252346289642922
566274,0.4365377762200283,1.086375552163543
572584,0.5594919335757083,0.8094492535240432
541819,0.41781175881903443,1.321535037494922
569356,0.6400479513384364,0.6759378941631113
555828,0.5118173384935164,0.8587123484221557
572179,0.36967054877826644,1.9270570206841993
549627,0.7184167978096623,0.7122134910958443
562187,0.5237528181826422,1.0408746272814942
566540,0.6544331052070447,0.6620344928120786
566093,0.5689979206591285,0.8764931843331936
555484,0.3389191819864048,1.4119979493506218
567009,0.5405511799901941,0.8692574575052011
571730,0.6278601280551823,0.8878697227043285
558937,0.3331290442562651,1.3848133759310617
572831,0.6077672410528482,0.6225158476194209
523245,0.5214750081686431,0.9052094737159356
541818,0.42424473952673103,1.1376416423572382
531357,0.5403775576995521,1.0280053390938975
516965,0.5171026361955713,0.8867578533251319
572716,0.6838480379766299,0.6312601034555676
566909,0.4148814991142002,1.313477980547018
559328,0.3775957793915966,1.2260198621622678
566518,0.5158228821827706,0.9382350088727881
573305,0.5600472292367183,1.0174673972193047
527866,0.7138210336857893,0.4940184879261018
525464,0.5048216450841578,1.0904416577217249
525366,0.3373024045917447,1.1868565420223065
541827,0.4055550010051989,1.4542844083519937
541624,0.3549690544439144,1.2460755475412786
570070,0.5749957018730977,0.6419258277557174
559674,0.7268134233285987,0.5979765115923333
559334,0.3255023311509424,1.6186065642432157
572516,0.709341771349967,0.5258072953882458
516727,0.574623418921093,0.9353331252752755
573551,0.7964352707976335,0.49133418930787365
516875,0.532086212338682,1.071451178474962
571575,0.5043512114007083,0.9903864758413579
570018,0.8247385826918354,0.48704311995717375
566171,0.6718511934470819,0.9629020370965188
563770,0.6471207619036308,0.6367531374913726
542537,0.44538138010068024,1.2510404739555965
540247,0.399029991258389,1.079131414138348
518889,0.5661004809654262,0.8637837913488133
561418,0.33094011588249106,1.8512275002908605
530917,0.501854078517477,1.0862650932076434
572943,0.48138332416179386,1.007158957237031
567033,0.8025488003057191,0.48543092960638623
571204,0.497401725641455,1.368999515223246
571909,0.375346562645106,1.245843807365711
565224,0.6398975366536233,0.6990231434346291
566189,0.406578052957686,0.9937493270396659
559319,0.39280586670098816,1.300760993470248
558107,0.671141649177147,0.6482421765959939
570884,0.41874906131233053,1.3703523622123372
573570,0.4034639742674397,1.5199260699108077
558106,0.4632963883978846,1.1641978400991144
553883,0.27174026721617944,1.5304655627638388
560341,0.4792372210031252,1.0500387439233247
564107,0.686554188510037,0.6497654805450971
569396,0.42983686614031064,1.2070574951219883
566232,0.4828557082428938,1.383915452075575
559276,0.20852615173286615,1.3199750031011017
570952,0.5464878518907025,0.9739508883633915
565953,0.6001083881981576,0.6887158516213474
564398,0.6328077276843467,0.6425561688306631
564440,0.4764273735775278,1.3062130545846946
565760,0.6179657060506913,0.7002154421833172
564397,0.4843446358746408,0.9862980130492082
570386,0.5871420431844143,0.801211090341766
572770,0.7233351572676572,0.5012875380450731
527807,0.43007814222496116,1.217427088378222
521949,0.34673940865537833,1.4971283998282168
569679,0.5069460692036037,1.221208351432326
567297,0.33150565262802034,1.150659526609344
559311,0.368029876232033,1.2196157992968089
564669,0.3359051204881473,1.8773052158670862
561992,0.7461708466400475,0.5076957415954607
516721,0.5396025345716977,0.9336605641388359
527804,0.39696613177020545,1.2728751348366258
543267,0.39599004053176834,1.5500229603216455
571191,0.49410971211146426,1.31237749370684
571964,0.4948342551860784,1.0648770403504613
569248,0.615036115765496,0.9019155296443232
520930,0.6094928687329065,0.7703773927775751
516924,0.443157039136499,1.065702974393673
570342,0.7506003114009835,0.5932090720311628
542539,0.4860254106315053,1.3060164380848154
565753,0.5203159470190926,0.8784672624779322
561629,0.4315471780917883,1.3034686010080914
573700,0.2896159749208334,1.7349725268457483
567053,0.4623296643157509,1.1340530213465647
570949,0.6461874575297563,0.8260123816143713
566277,0.42780566323230396,0.9688538086884244
570380,0.6774501842871616,0.8095770721309233
525406,0.6441869320805712,0.6486386900689262
555825,0.6893905102454443,0.5805514851222937
572476,0.5136347761035754,0.9519879127111773
573543,0.3771574013014005,1.5470288636447729
572118,0.5885284402373697,0.7596002698442849
559316,0.3452330403505065,1.3350123913709904
562802,0.5142346896915865,0.9290262487617592
553879,0.21154831711732502,1.8875582690634816
572704,0.6889916597867115,0.5690713375113762
564202,0.2339997481652394,1.7739757007473549
529280,0.5436536498265411,0.9671543212702958
555657,0.6811743241796682,0.581318167153843
564168,0.5132504420525248,0.9618289073947768
517017,0.4955163011389335,1.0792009139559595
559664,0.7498026343571289,0.5396101628802709
566272,0.4418331931548459,1.1929397710383975
564399,0.585502656275183,0.7687891840856419
525392,0.687570143191471,0.5313836163147203
572711,0.6239290929435507,0.6344762345078915
566744,0.5087195985822253,0.983001320181166
572602,0.6205765121399135,0.9049435075380974
564324,0.6017696815090519,0.6954242009011576
553849,0.44300586394072905,1.061222240202118
549623,0.7547036699903146,0.48500182880247655
527827,0.5947715609207421,0.95566157653826
567077,0.6357833460225244,0.659595601154763
561975,0.5940859062910075,0.9261043968431322
570866,0.5245132657645154,0.7587296757564413
567075,0.6771495321507082,0.6878288605439612
565223,0.5157544054562962,0.9911435564015966
559323,0.36428646785520313,1.4669939038778352
573540,0.39985428991562577,1.199842468462482
525559,0.5512913091887137,1.0284324400727005
564166,0.6149285275724514,0.7133980127293446
567466,0.6386232466895725,0.65418975186213
566192,0.4896435462941764,1.1453228143887182
570835,0.6727272704058328,0.6143212739997784
570389,0.5336002475644546,1.0970706461349564
541822,0.40550171403121427,1.1694549487544637
546254,0.5525484126584105,0.9850281217805951
567184,0.5283083265211741,0.8351065006964105
566199,0.5974897522845299,0.8008584959321895
570095,0.4537348479402874,1.0110066523180943
572735,0.5882421232261321,0.8619217590430738
516720,0.43488162835958766,1.1516281121223932
570357,0.5716488872523895,0.7893999992215
572220,0.43403216341982,1.166702826023468
546249,0.4969641135539188,1.2546617208519133
555492,0.48784645568046087,0.920879922985844
540844,0.4982374589005854,0.9695298974466232
540223,0.45350459119115555,1.3404143000161308
572477,0.5394703052529712,0.8080285174545684
559656,0.5056250700643184,1.17870982911661
562830,0.547545831473519,0.7159615041762274
567487,0.8094484603457139,0.3808107166337686
566226,0.5663937017291097,0.9918151579431066
569856,0.7886719213531236,0.46638761275924995
570368,0.6561277793940952,0.6906099059006104
525465,0.4898099103972219,1.042812213434764
517310,0.5627224096534836,0.9681260429517456
569887,0.5387512404410113,1.0202401120359612
549625,0.5825413528118998,0.6488631062668891
569854,0.5258719572189545,0.9959234618705735
567529,0.4326378322017638,1.5580411966840153
516967,0.5565747225898672,0.7774213036761162
572635,0.6922625601639155,0.5580544103293191
565747,0.5612370022932218,0.7334647076549096
527805,0.5205089983403601,0.9005822643423362
521920,0.5502634997326412,0.9968498194502668
566667,0.2498193186378583,1.6774733306560043
572599,0.5821104869655045,0.861729888167993
540251,0.5775683759326091,0.6616802650640125
564302,0.552018670975804,0.9704864468962384
569839,0.3554449182097575,2.058219249830134
546248,0.566878792614726,0.9075125138820891
564339,0.5380032022422425,0.8394084428045206
547076,0.45583766969267436,1.106954961917596
566230,0.7689380198321455,0.5629035652383206
539032,0.6341037414099926,0.7649743326155055
541825,0.4907082832147033,1.0801260042390388
518863,0.4920982557485232,1.1207341613477915
561977,0.590667151128855,0.8140444148416645
551146,0.3844545845652726,1.1767770211645718
564212,0.24258159630001264,1.7176137168128194
530893,0.29385870034183925,1.6648002515896534
566538,0.7262288053340724,0.4822102329344288
561998,0.5302275109967117,0.9257587800158535
572956,0.35695785018470805,1.5249050222380114
561662,0.5485377001511094,0.8158954506099649
572475,0.5520800389857069,0.8503455816230041
561974,0.536572831892983,0.801768135087756
529281,0.52983690705847,1.0679801783691283
572964,0.30307977496959826,1.406595847828899
517817,0.3290137231711669,1.5849852941346196
572647,0.5036270532567432,0.8902737953775052
553867,0.4179961783885256,1.1591439723740213
572517,0.5915034632017142,0.9398041267447799
517013,0.5494533080895087,1.0340206371454008
565773,0.5561783930888693,0.5778370692718894
516711,0.5833598626316752,0.6823788849506938
561657,0.4731701015381397,1.0158376265851987
569252,0.7718812036311614,0.5521385644559961
572847,0.7095306216135419,0.5740088982009064
561976,0.46597650883168545,1.0156026346957479
547954,0.3941025076302151,1.3991207509799901
538932,0.6734782114388558,0.8640901881316512
562794,0.4658480563203787,1.0176312552829732
572859,0.42389721911893485,1.1072786324576736
546262,0.6728212566559583,0.5629087781504886
567262,0.5145281318269231,1.256819814604734
517319,0.27731900435741325,1.624840437658162
567113,0.5970815358198222,0.789297530621798
518036,0.4007826341523244,1.396129319426211
561664,0.297932617519496,1.789979597059316
570879,0.6231518593306099,0.9338603501677812
551528,0.4320377311347436,1.1055819094911425
572855,0.3521745065345425,1.694877346601095
525563,0.528815257462869,0.8252303746378746
567035,0.6131621003686339,0.6681954427123881
553862,0.44591856921858297,1.0483162187713464
564322,0.5904544532852251,0.8307867590877746
540265,0.6526905446723026,0.5031381284680797
565754,0.43165335522475357,1.1129088745090345
570086,0.2987814703152033,1.5114067706145708
565769,0.5203579025289996,0.707122187986315
525560,0.4018288432469043,1.1352247780979101
541829,0.375694375600865,1.3399440358034402
561247,0.8534743432070501,0.39168551218656655
521932,0.5596413459344137,0.7377520001311867
555490,0.3830424941048807,1.2480437798637272
516872,0.5154416582349898,0.8494930309394664
560560,0.5613265389822728,0.9033706895945285
570898,0.3257422900273101,2.1115249088225916
570848,0.6305195243238615,0.9173749613615149
566552,0.5078685340167862,0.9942520138132248
565774,0.4758301050029976,0.9238128453393332
516876,0.5655668454739743,0.9858178383294367
561994,0.7996006727958342,0.4019502541238547
548302,0.4969005424048112,0.9924352180742435
566547,0.5268286983506839,0.9048274241707147
567468,0.4504425234163201,1.2346399255155556
569361,0.5137884577338435,1.16927418117471
567245,0.6619929984776188,0.6616108167645396
570842,0.6111992253931655,0.8916133027749256
560870,0.3915070791996467,1.3337144333033137
566759,0.3279298540628276,1.7039718139293474
572936,0.3396089913210492,1.3196867299349369
537140,0.630648318821202,0.6925610940863726
572597,0.5954123561021788,0.870356902627337
570947,0.6547837066212726,0.7016994837231821
567538,0.5070014987549509,1.0745803162343892
561606,0.5920595024909752,0.5882856256555088
569835,0.4016964825576483,1.3125614378120098
571905,0.40866918266871843,1.0002578497258416
527064,0.3839829084535758,0.9971392087175706
560859,0.7715561955693083,0.4864405615338712
564664,0.41118245697167227,1.1755442027368357
564385,0.5911623765710478,0.6471189988564747
566281,0.44634432105082655,1.2069959314901526
570936,0.5958306684862941,0.8076222150518747
561767,0.44270653006763533,1.2688457318154251
561666,0.439596554812346,1.1629184210915253
567229,0.6751473322707275,0.6169826080414512
560552,0.5735682593443718,0.9434622476473282
567036,0.41611447371119603,1.426496646801087
571997,0.5323859484117626,0.8461051079883939
543278,0.4136173250569997,1.2159859285696792
538292,0.5321903924563078,1.0344603118030773
541830,0.4211591626698853,1.2011553488256823
537136,0.3692452420384651,1.6108904047779795
572959,0.38784451609096277,1.293859805963835
567655,0.5801060688112964,0.9143584833188075
527794,0.4593377239054064,1.1399290158102269
565923,0.5336190778375228,1.0416446974721685
565788,0.5232034296090892,0.8633499793986128
555493,0.39289662077350385,1.1367304582660298
540236,0.5028483895886382,1.0393183237627597
555420,0.4001285870875436,1.2640922317978347
561235,0.4965271548366578,1.1928434901626679
565929,0.5034820346700126,1.1813931108061857
570863,0.7298883963502143,0.7704606315157863
572470,0.6117619778875037,0.6907251815106503
566041,0.49757775725232967,1.0428066295595257
572863,0.5739258285300146,0.9493264714723582
572734,0.6928344569866353,0.5786220988219856
572111,0.4982199234657755,1.0546473182968286
517318,0.5035511541316686,0.988207679401671
553812,0.5395988507195665,0.8666731705711476
540207,0.6070631560708281,0.9490151969844777
553869,0.2598969336559906,2.0967812537587505
559280,0.039890383300707564,2.2730959890895983
573161,0.4162737149451946,1.3246846727298907
538302,0.47668064766787727,1.28765634320492
543269,0.4507888289324355,0.8801857236509099
525387,0.7851961663537546,0.5162174194138599
564179,0.4287758197998692,1.2395893401101648
570847,0.6513571702355279,0.8189694045624302
525461,0.47746981857616616,0.9891178427360335
525385,0.5755405171327305,0.6534079825122387
553878,0.41499375161922536,1.3210628973203848
571891,0.5582774434571963,0.7860289354176492
573811,0.34129424903865635,1.861414736306063
555485,0.42223111417443954,1.077956667981646
526938,0.3605093637569997,1.4151123849833913
567690,0.6017345556089099,0.8124544654901813
525405,0.5647826258990468,1.0417227555693078
572550,0.6084674350136648,0.6838149930074848
566525,0.5235620094851589,0.865003678909468
569452,0.28970376501897044,1.6311831434486355
551982,0.42754242919835145,1.017087338314496
570364,0.4582753759557094,1.2931596352781083
570271,0.634620389915702,0.768459568460074
565934,0.6355451053467115,0.8826646570606601
571206,0.5007305880339914,1.2282097396830614
553877,0.4166332719494244,1.0628631992433066
572945,0.29995448316333745,1.6163644760514841
566530,0.5166711260582401,0.8799300300000852
570066,0.6146668665466584,0.6628264224190636
560337,0.49727454414095795,1.0448195144942607
566991,0.6373839353766291,0.7465269396886808
538927,0.6179570444809875,0.6779119605171822
572706,0.6882271002945236,0.6122706210010925
553813,0.34479578256535803,1.5958204355437
571954,0.4838970636801262,1.131431262041888
564412,0.5966666276816858,0.8139805753657927
570398,0.3415103465754892,1.8436218772020638
571236,0.5062713067161306,1.2027731261158587
570838,0.3370186670589141,1.7439909372260898
566218,0.6300675630035631,0.7215357202045579
570272,0.334823699095134,1.4163258528784672
564603,0.3750106135397513,1.4211504292083177
527795,0.40375963105472984,1.1212525342064246
571868,0.8714174277662279,0.37530986846749687
571217,0.47253030243963384,1.3501488630038692
566296,0.6112787417250839,0.6761379625755637
564348,0.5966058813503125,0.760838160763796
572183,0.47014880210787746,1.2145728100153348
547758,0.5182638468957659,1.2937848012470539
569714,0.5296788010306593,0.9703036489167536
565225,0.6559903563588161,0.4614446086725964
561616,0.5342521807746027,1.0316855205600468
573834,0.522217329400751,1.0739177557879027
569301,0.6627138566187011,0.6549632613991014
535013,0.44355215077049553,1.2092073762371887
565779,0.5673266098110273,0.7148823863589302
572596,0.6059719663969689,0.8262608164620533
563788,0.7401661042901252,0.5964892068470696
525396,0.6566346805317451,0.6863264351880242
525403,0.5561580839743168,1.0595149388409055
570839,0.4523199338661237,1.4148368469935624
570881,0.5910319430578669,0.9476948899924058
566146,0.548278464285525,1.000638760997581
564181,0.5264646477428013,1.0842254442862234
563786,0.7189563081868229,0.5719346754072309
564406,0.5665868818712837,0.7898912516894984
569728,0.6351269941970806,0.539576480388012
572719,0.606012078394461,0.758800161875863
563689,0.4490476701448976,0.9915053327220378
516963,0.564532111107292,0.9577648725398071
541628,0.530106505699097,0.8915924757919477
540288,0.553089625622683,0.727912806936637
571961,0.5388469865131469,0.8635136794597676
525860,0.46364909276020305,1.2070398188263423
566646,0.4708186448898317,1.0289324687885812
566763,0.5715627051104429,0.8293943126526232
565982,0.29023297158169203,1.3342661124542115
566647,0.3922550378169266,1.5790468729646212
566069,0.5793396074532331,0.6942669209719933
569845,0.739221755012779,0.5482229824315671
561971,0.49514229211306127,1.200505503029829
537138,0.49826578988641945,1.0511248647500613
555494,0.3524593288260384,1.1660682606601407
540286,0.6070324509812006,0.661011319309203
569085,0.3747623796070622,1.3875927269742923
561624,0.43575975775733466,1.2263177323961276
518870,0.48926911533240003,0.9564478308597297
570834,0.5600368305531475,0.8858941128828381
563380,0.6940423682226255,0.5783666920226244
561370,0.1789491088924125,1.8691838102755218
573652,0.4532455711609945,1.6496794223932238
561594,0.5732737879167682,0.63272235699485
565933,0.6240265629228967,0.6827935153228656
527065,0.5133404646012566,1.0242290297798555
544425,0.32782601298473113,1.6827660031398182
573411,0.6487746076443216,0.6428159585624993
572119,0.545494320101932,0.859559745315441
572641,0.6017222863604611,0.6225864782517562
564667,0.5234928645543945,0.913898955607568
517755,0.546518829619842,0.8465473739694337
571208,0.4330301590199736,1.4389427214110997
540208,0.18442245489871917,2.3243898523984825
570850,0.5098402858446354,1.089553327791839
558949,0.5231676319537145,1.1078960165949308
572962,0.4765362725703182,0.9412692590517788
572511,0.6494013590603003,0.6304354803123201
572830,0.4248948331488855,1.0394204970070204
566522,0.47161359815088505,1.087221884587258
566204,0.6233995057385804,0.8271441624930762
541817,0.6044774125962082,0.732699029181413
525411,0.5637882877562737,0.9579168467804604
553860,0.35255428035627717,1.702541344285607
540210,0.6052844943264609,0.8684982123059007
516964,0.36606237449739176,1.5547270223241156
527052,0.5063474590424534,0.9122995236102395
572966,0.38599711104880047,1.1517806963299426
570382,0.6337642905337165,0.7624156471907297
560286,0.6787919903829711,0.6847082444218031
516821,0.4397447868688277,1.1150671399024417
566309,0.45637572112223473,1.0951894445115178
516877,0.5700144035648613,1.1900838309009887
521936,0.40121565063290426,1.3559878130392227
560344,0.22254859293122334,1.766192143212531
564674,0.4746902916442377,1.1979462889030705
567143,0.6281357727519736,0.7420805574694213
567656,0.4899888805102765,0.9794434883672893
561622,0.593584356425058,0.7815737623193824
570021,0.588675759263742,0.7906869180489546
540228,0.6315877347844364,0.8762306608533201
564160,0.4550123352938678,1.4271680109141636
572650,0.4336429095059583,1.1515533762813006
540222,0.585645027775842,0.8125380692848817
566910,0.43483565109430733,1.3091370949273933
572741,0.5867585981211371,0.6896536298931941
540218,0.5356476661843894,0.9940519666305132
571194,0.5117956769377765,1.1739063924100919
546247,0.5815945571134572,0.8043331948070392
553880,0.3356979127454809,1.561661570024175
560871,0.410724234706012,1.432076100371892
573162,0.4656941022799471,1.2767244566262876
567581,0.5556527834475088,0.9733601998904391
564413,0.5767480902901658,0.7713163163949468
566298,0.5034284685292372,0.8497666753618167
572726,0.6838994866949455,0.6439888453252318
559657,0.5381051247615629,0.7206542071823582
553872,0.268815201252128,1.7996138950101301
547694,0.6147946304551897,0.781295670687934
572846,0.6733174145819529,0.7627881590126473
567110,0.5231747081875463,0.9047718048356567
538299,0.7885951537751279,0.4420383710606352
567138,0.6903445807640941,0.594629762751106
573825,0.5845659957263228,0.7585347482772841
564329,0.31736958679352245,1.5600119124949274
570861,0.7628292010078327,0.715532751863185
558945,0.3896747198132887,1.701220587561859
559340,0.37193516086834594,1.3729328181163791
564217,0.3077700759406258,1.7080914112216863
537139,0.630648318821202,0.6925610940863726
570381,0.4766070822209897,0.9644394918061142
566139,0.6673727576364711,0.6021704212597361
569721,0.5937487809941444,0.8899432573839811
553868,0.43113808079772864,1.2881784391730395
569262,0.7119211374499612,0.4620177303891105
558935,0.7015952960355849,0.5713073845238056
564176,0.5859244942314173,0.908801356926367
537698,0.46034426361056086,1.1601675628043018
570082,0.48580601841580223,0.9273214130730584
570899,0.6194757598891771,0.815976246686981
566217,0.6924466515089115,0.5814380526012495
564305,0.6639251820925145,0.7032371643451634
521878,0.7228974786364255,0.647731014843867
551979,0.4621542410024964,0.9569217632895632
567267,0.7476956569581695,0.4299806950503839
565751,0.6337901567399209,0.5401204721129056
527828,0.3983286704041123,1.636269430703853
527079,0.46555865159862725,0.9465368984549147
538300,0.5547715913287452,0.6881094738931746
543270,0.5299714047707414,0.7347353393257274
569380,0.33430165747967266,1.2841218791239533
566543,0.5648135478701588,0.7285948212560788
564651,0.581983967744567,1.0790704490150225
570071,0.5713841040126556,0.8044913374424622
561634,0.4908771912670517,1.0819613249329687
572216,0.5090098810397361,0.7584670294377176
569719,0.6056138201485195,0.8417621740053739
553811,0.49625998646671265,0.9935456662015356
559333,0.39341792278507653,1.3487950200488834
556074,0.39091523857869886,1.7336401177747114
566988,0.44494044562547874,1.1423436281178552
569852,0.8092503864982566,0.5969631347660556
540253,0.4038909680951658,1.305214815876884
566065,0.5402075863634805,0.842626910996171
558337,0.3577494645050823,1.556311978549081
537142,0.5150903009790264,0.8354995977621827
564416,0.6150396729686567,0.6928946660190978
572947,0.4579929139590256,1.114183584300023
566149,0.7382014247135174,0.5486250152535295
572582,0.532345649828497,0.8622914213942886
561631,0.51632907566039,0.9852802235559022
559675,0.6354909221092506,0.7605052094504324
565765,0.5109159474678775,0.8941247008180656
565230,0.6251930614344732,0.5850192569727218
541647,0.5804492273072649,1.0617213568501076
540213,0.6404168771005951,0.8541510985513053
572133,0.5628502471494095,0.7297786987079228
573564,0.4917443220383039,1.1250024739951339
566085,0.58028227055079,0.5171450801079648
564396,0.7606925155423111,0.42401240836368376
569837,0.37125182507693805,1.8853675999316966
517313,0.6207853747499354,0.8681217092868506
572185,0.516978487181513,1.1617494072184926
561973,0.6040966030092945,0.8008418141386037
571873,0.6167859604914868,0.8145611152371138
565768,0.5197002294523331,0.8407630250249275
564326,0.5934439705216122,0.7979594362893019
566502,0.41218653120309406,1.7387879187517459
564170,0.6146247894318426,0.730176256705224
571181,0.5224950733936674,1.3746516443919412
540227,0.641160679820481,0.5990626512170567
567263,0.8598722663602667,0.45671204927029624
518509,0.5449741128876153,0.8207517410440653
569110,0.27816676784965527,1.8618361539954105
572772,0.7703774092950035,0.5001331326379653
563791,0.7184472919279585,0.6695359305100863
571874,0.5458663711362151,0.9993641289089082
567671,0.5301740113998399,1.3137798013204647
516723,0.5205161456598281,0.9086923369052627
566913,0.3642243514034879,1.731537179102839
563371,0.42371351509852573,1.3227501611288721
560338,0.428621023880875,1.124138139740465
557956,0.33731523030809724,1.517270521979525
566550,0.5269369834593958,0.910856024207038
563650,0.5446954784003615,0.7389839848934087
570362,0.5960040776757567,0.922122555918545
559297,0.05713732865770476,2.115681642425475
566493,0.6097652909000689,0.89292781467099
570869,0.6160101497670571,0.9975357070861814
565776,0.5502924594193699,0.6952466343230062
561996,0.47314143650738016,1.1918565109615509
566659,0.3689036213635712,1.258155048689297
566513,0.4081846169391669,1.146623131383022
561238,0.41824755122932883,1.2573326212006941
570384,0.425169292732033,1.2843761394689122
551980,0.6119716525310505,0.6641375594054738
572589,0.6203475680218119,0.7244079535165283
567496,0.44290068312089437,1.4438710876644738
550058,0.5080959685368993,1.2110076509109737
564437,0.42837303502445084,1.2835502958079332
521918,0.4140485965396289,1.2514540250249755
571186,0.5829309297635108,0.7550952106557546
569886,0.7041063757806831,0.5585095768119334
566523,0.5214023226149503,0.9137189092243673
516960,0.4426517783084537,1.159137311592107
563369,0.44550398512529654,1.0850157583788875
572696,0.6212010049652475,0.7228287859132403
567112,0.5390892050355227,0.8469952852913749
525325,0.4942987672888188,0.9692083873451559
572860,0.40520618240057,1.3647565909471835
563688,0.5570207299057602,0.8596300556265153
570270,0.3059235280653494,1.6388850113108915
569317,0.6505316970339798,0.6040971326114247
561251,0.583757339482427,0.7445025488410689
566020,0.4826268708085827,1.1283128257309545
541823,0.4672924770148117,0.7755335231005843
567109,0.48828151793965946,0.8427172491102028
566551,0.509579420675316,0.98867280963436
565772,0.4990940290937467,0.8700335509694153
571241,0.483065615167174,1.7021872142008903
566537,0.7666312215968161,0.4829473786961033
561979,0.6569933327130134,0.6106449275789148
558632,0.5691139293023415,0.9609062883974329
529300,0.5423507250917032,0.8909138083672398
566190,0.6929996612753447,0.5931958187143268
568118,0.6257421685310505,0.8656094877337593
567658,0.5823317448802939,0.8675734867594923
564400,0.563948828206989,0.805999493462271
521948,0.5906299425370317,0.618406122535606
566174,0.6551286298786065,1.077733308080347
572941,0.36573600044057597,1.4126882605774485
530739,0.5720515687976078,0.9602094297728858
570390,0.30278568497807096,1.6431500742714484
566276,0.17705376233788106,2.048620375870778
564208,0.517869432582505,0.8069531581638639
566748,0.4683953385215552,1.1950254253987593
537306,0.6239747423582225,0.764826980692824
567660,0.5851731925290345,0.8239588150189388
553856,0.2915301609286902,1.5109050488844877
563383,0.5587293171899621,0.8393900725148049
566650,0.5101141499088785,0.9155206994748595
525561,0.4387662841111635,0.9836032669040334
539031,0.49579633643546905,1.1299472559825205
569302,0.5568047684428339,0.809859787322261
572746,0.718193157378495,0.5597606632305574
569834,0.7670666432936533,0.5121541168019517
525335,0.4136893727369166,1.1423228410158062
570366,0.5643257336375879,0.8880109295553197
564300,0.6751565777006031,0.7726123935159686
566512,0.502870146412429,0.9311427724340927
555487,0.40217521378229326,1.0659171434238706
530741,0.5178097149959378,0.9269714384054116
567032,0.6510157291552657,0.8558674454171623
575357,0.47181065463362126,1.3280564133954433
571767,0.6760760822308458,0.6616033447691541
572508,0.7738522147557452,0.45606992310209327
571199,0.46881350488858414,1.2243252848087653
564417,0.5070732086172439,0.8490805026587376
572948,0.5491006997993015,0.756581234511171
570383,0.4359538569236962,1.246723916364931
569186,0.4587729793078818,1.2486079133820929
569314,0.570315048594742,0.910573986513823
561593,0.5445029870587119,0.9098723529488593
557945,0.5837897386225783,0.8421728338152431
559662,0.685389831561427,0.6544776021026593
559315,0.39386408490881725,1.2159663958518299
566227,0.6265486562019288,0.734303922756807
567299,0.5773081147770925,0.7400420040431731
566222,0.7250831554221652,0.5644739874517362
572513,0.6606163610934853,0.6510819604766197
567055,0.5924945879914798,0.7458602940773673
571910,0.5920088456620377,0.621549417441073
540226,0.4546217852189667,1.248251631262674
553826,0.4784735620505026,0.9423852428801628
561380,0.31675710495858134,1.4685959986772386
571185,0.48583848107529115,1.2882682740534657
566734,0.5744291292525496,0.7428427588131225
566273,0.5693596914479852,0.793834133809993
564338,0.4929076071188641,0.9181496840015066
566760,0.5845914320505691,0.89671248940894
525459,0.4905774216489598,1.0612971004679341
543265,0.5988273730037466,0.7495618132383647
555435,0.5895794801313236,0.727231993101773
540235,0.5535838613310994,0.8647178414936082
540234,0.422774846885481,1.087167724708528
561617,0.3974013720290125,1.2284169724887215
553374,0.6070868265723902,0.573580164694371
564201,0.22718918717613257,1.6652667955985532
564207,0.522246564874551,0.8213161473713123
516822,0.3400689827173166,1.6573270679140855
529285,0.6362569622677318,0.6104987860074021
544089,0.5157020670391084,0.8974159671938919
572957,0.5391151262724044,0.7800195306653277
572775,0.5094874797120472,0.8967921660700844
540254,0.49297397811341753,0.8835168239931934
572518,0.6347436734251546,0.7677667456917601
559325,0.35808375120558256,1.35462908173114
570883,0.4527966745733778,1.0876198658091665
566517,0.5689221955917092,0.6738650904358394
567119,0.7047618199303236,0.6243486067324061
570104,0.41194275784288714,1.5021747039154671
540244,0.6830648621550034,0.5758694409999678
566046,0.48877059377434456,0.7753510309099281
566231,0.6082172561831621,0.8205489446752497
559686,0.5324728136710496,0.9859736313067169
566056,0.5593838601022508,0.8765559277346393
565758,0.37934241289298926,1.2436327147646333
555834,0.42912104042634885,1.2802789974814395
567145,0.6477187410566136,0.6964055094068357
564205,0.28052385582602646,1.6248578072897917
563718,0.42451770191261157,1.4274308391760755
572215,0.675469710647682,0.4522754484430433
525404,0.533407418755876,0.8085370314858942
531361,0.7286171096534686,0.6346758747678616
572828,0.6045170318373768,0.6133980905758633
541815,0.5840784740986155,0.7801219283972021
569296,0.3208092600740689,1.3700128194839993
572703,0.58140955228302,0.7334697533459623
559295,0.13590275276836183,1.7158563318952742
559599,0.40792491455890023,1.1348326784344946
554714,0.7773003710162059,0.4597341436198911
571184,0.4917435419356005,1.3480708358709008
567313,0.42755131361892074,1.2769658481400172
540240,0.6254981875938009,0.6903531831585334
516728,0.3389941854052566,1.6366753709985407
525457,0.45537526889190805,1.1524351126665198
527803,0.35882850935652977,1.7180401442544089
566664,0.22602079275174192,1.9072009384234803
572633,0.42213017023580934,1.0071977350788397
573830,0.6442714850244721,0.8134867975469495
566152,0.6809245082724318,0.6175637071093066
566293,0.46573583492527126,0.992670248805059
569724,0.5052295909227961,0.9905519352456957
559279,0.04525587822570243,2.277852549199182
543273,0.5142346896915865,0.929026248761759
571200,0.4927032433691724,1.3674207817890343
553876,0.44268245504964676,1.2653359358490186
569264,0.6491628107545279,0.6734939985319882
566548,0.5302109859262519,0.9165847455755901
571215,0.47127971509897376,1.0635577265562859
557950,0.45554558077332113,1.3093524993445806
538935,0.5142346896915865,0.929026248761759
570391,0.5562315237364993,0.8595837055062958
559640,0.5229532811717215,0.9153531735004171
566191,0.4654668365719439,1.106189056385564
572376,0.6295375953278677,1.0129931512652122
566055,0.5728815420741168,0.6857444110036331
568128,0.7127968471025102,0.6952588577447425
541833,0.38979503476984917,1.1730325089160238
525373,0.37782191590138464,1.1998008710566659
572774,0.6627489044730777,0.5820296813095678
535639,0.7403936437654053,0.5677166954652388
566301,0.39827456982854587,1.318912292147299
558472,0.41013203293079226,1.3686844846036357
571195,0.5316893621674816,1.1874358486514152
567209,0.6571692185339191,0.7703734679881197
516878,0.5430332044259096,1.1586649697086833
573654,0.4459792992830478,1.7663748874129943
560862,0.4608021831663933,1.1609305328897557
553885,0.392184257679744,1.1360718559926455
558941,0.3657208011384334,1.6474797563474373
565775,0.4744536289864027,0.9262945761761907
540237,0.22554106189051729,1.940049464817971
525333,0.2978130854967377,1.622205531790833
572471,0.3594379477792071,1.4609909902386027
553859,0.5640326213915475,0.7692652895209711
572749,0.5278126584331126,0.8917876618011085
570356,0.48422089213069386,1.0458779512004017
525455,0.4257374434927047,1.148605488466804
561250,0.4952059101447595,1.209321785693929
566202,0.7122961738109824,0.7372677230502482
561954,0.532250684792556,1.214989341398947
530738,0.523725589311325,0.8894563641048873
572217,0.20439226169555225,1.868200248128968
573306,0.6710438749384703,0.7313893763318258
569991,0.7520960848328428,0.47231831582138234
566738,0.5227995348142446,0.8779823696683912
571885,0.5380735642627984,0.8515539798005015
565926,0.44171794094689154,1.295572330947819
517014,0.6839198293781996,0.7390140400997154
571952,0.47868820447361715,1.0847400952709818
573867,0.4752532651730835,1.3413040481746186
559684,0.5393406549291028,0.9883001045585611
570355,0.36745077009079014,1.1925212228496722
564408,0.5355466058174249,0.8036408409389871
564195,0.352110175378456,1.323341253025471
571766,0.5987287698452535,0.8856142858594143
564401,0.7044631145012185,0.59845722535613
564404,0.560016491074333,0.7482351263183976
540027,0.6585984112208424,0.642114701460889
565770,0.5073712633183146,0.8895008453191284
573701,0.4368227266804717,1.2331858609638757
567536,0.5569091963802254,1.2151121423349438
563378,0.6518729308438596,0.6717708420667504
549621,0.6356480544356254,0.6756260558961344
572967,0.43847093756648264,1.216223240523087
570092,0.778415506209359,0.37171692450718213
525359,0.5299714047707417,0.6058782821827994
572543,0.5283025667934131,1.2958241931263297
527800,0.44420822779612906,1.0857811346187451
553828,0.569031799237207,0.8362245740291474
569286,0.2947515246343213,1.3942297922367766
571182,0.6938229288628377,0.8461622089497449
567188,0.5157522375042193,0.885328001387804
525462,0.49042705741051595,0.9690054582512263
527810,0.43007934925171737,1.3947062143252533
570864,0.7270888449683439,0.649944141905574
566157,0.7238937897686885,0.5091456982495517
525389,0.5671627441670378,1.1634223667122316
559282,0.04004870920599234,2.2972691370865284
566148,0.48925686611409014,1.027044655303448
525557,0.6028468243979396,0.6959211830205602
572721,0.6432058195915905,0.6883745426220853
565781,0.5351612569534827,0.7666994155831633
564345,0.5771556607389657,0.6484409888941283
566241,0.4959954812081719,1.2513134404083908
563077,0.5308826300890602,0.9797616938187047
566666,0.5656797822805124,0.8329766175371223
565233,0.4191254465855951,1.0491609896308667
567144,0.659423835503642,0.687158605884289
517020,0.45976867715779596,1.1821926541435233
555822,0.48823287538364385,0.8815161496748959
571198,0.5460120698115407,1.2368287851511874
518510,0.4445596003425769,1.1284581117057346
569398,0.1072370513588681,2.525442404876001
570015,0.5230509073154519,1.0151908844346378
567170,0.6286347003992895,1.0027162241536147
566073,0.5098880436527541,0.620585830526836
564434,0.6639204061974338,0.5213599982467562
566200,0.6166344502194995,0.9930500397668987
525410,0.5428614562377669,0.8572337438763191
571777,0.4030120586789848,1.6518623901359601
564173,0.6333190586270382,0.7686884927028919
571908,0.38101316410056885,1.3003183858229936
569254,0.6556954085260218,0.8465258045091628
566145,0.6045837390245674,0.6458088802723801
569209,0.47025896412346574,0.7829395559883162
572748,0.6416760090014373,0.669483542356727
571224,0.48768506423617164,1.605170188833489
569453,0.3896567399826892,1.4555036846498204
546806,0.5123450345540871,1.1487547562804576
553863,0.440568353515421,1.0719042575968851
520579,0.62922772604465,0.7291058259073421
571759,0.5739605756521183,1.0799993279338889
564332,0.6391877490420723,0.6095545144818934
566553,0.5157680578992139,0.9505513455130638
572736,0.43950093511133437,1.0713216592646098
566656,0.5625416500802054,0.7527265495628717
566549,0.5326488916089209,0.892497275038206
566736,0.5024338637333035,1.10260992724767
564113,0.5507255552015519,0.8293667746460425
571209,0.42147846635372943,1.64044759093461
570014,0.7239590983374776,0.6341234281409673
529284,0.4621180603950788,0.7821397618401992
525374,0.4658224806171754,0.9253182898158294
565744,0.5226209200007819,0.8522864973610226
546261,0.5134528520867054,0.8613109070207499
540229,0.5957765889387845,0.7990269487870835
541834,0.5284173604820553,0.9029779978613318
553831,0.5905335429904497,0.7778118928110013
572720,0.5487155318045848,0.7643241396857436
571210,0.46152975358690135,1.4681506422138204
569823,0.27803348279332046,2.1811838572278393
561621,0.5388584407300554,0.9125034193467724
567058,0.6921025077222762,0.4803767245872731
562000,0.4359903143427398,1.1260933875107753
570880,0.6499372912151968,0.8278322680392516
573412,0.6611348938963438,0.7842941922620582
564670,0.5404499399245564,0.996975660605355
564167,0.679452257586382,0.6831629891397971
525370,0.40566643586159906,1.241891382421633
572722,0.4981046978523104,1.0465433760059286
561829,0.6162859680587265,0.8323330088461244
572851,0.5504390691071953,0.8843145281888856
566923,0.42499893870847566,1.342397186487457
567121,0.6845136664820427,0.6088139594873965
551986,0.45565958272398766,1.0526538434966701
564172,0.5702938930509651,0.8777141924167808
567165,0.625054730146406,0.9352305714332204
564307,0.5178889765214917,1.07557371242274
570431,0.4361116521178026,1.2345099149181598
561700,0.5546329064876618,0.9106970009775937
572717,0.7129719643026635,0.5963133083766935
565777,0.552846140882226,0.713335489867733
572473,0.4841789111369214,1.1217118474461811
549876,0.40950695658432257,1.497110230063885
566063,0.39094805506963876,1.2278857797792682
541831,0.4881434613211059,0.9298482769253626
567524,0.5279572676349407,0.8490300514215704
571953,0.5100298838506052,0.9707927265612059
517317,0.4016626739963919,1.241226575862166
541832,0.5325582241575748,0.7263491729450676
570851,0.5324334824937021,0.9114649136695271
527058,0.39303901092813026,1.2778082561563942
527050,0.29411593229572924,1.7289978993482573
570902,0.6608906280231662,0.759136470485478
546252,0.42409004623973756,1.1537443585635332
540291,0.6974773937877579,0.5939470209472815
541826,0.4635932197754274,0.9939378666768444
524285,0.5900162831163052,0.7950020603964316
572702,0.6088303267140259,0.807964228472127
572600,0.6396297641814677,0.7433276289899124
560866,0.729325629191304,0.6413625971999419
561230,0.3836270890521091,1.0885257390207943
566524,0.5067194076293551,0.99014752666205
572117,0.5212864004025454,0.9181402848835857
529286,0.1345327417814368,1.7468903369080158
569255,0.6007483201239852,0.647952977089799
569190,0.5814203494424826,0.9012639277004977
566223,0.5389397268579089,0.9945803984808561
558333,0.586611282657697,0.6761289160731504
566654,0.605106882973028,0.5158043311665172
564403,0.6601908202593076,0.5966158862745533
561978,0.6666984608863835,0.6726868516705731
549333,0.5859729555216101,0.8637959325318075
566048,0.3837621359239257,1.3053221458087867
566612,0.3724904310018122,2.079711419175274
572591,0.562886399534907,0.8790737146462003
551139,0.23775368125645155,1.5910012830035263
559335,0.33108497176888335,1.4625464549861387
572631,0.4096050210050264,1.1533300937998563
543268,0.5142346896915866,0.9290262487617585
565756,0.5185781659829689,0.7785904757397658
564415,0.5340640428038056,0.9012661614428863
540217,0.4897803361978379,1.129285286625064
538939,0.45221435149447714,1.1317034689927459
553875,0.47567818968320236,0.9793327597424075
543266,0.5142346896915866,0.9290262487617585
566516,0.5447526003642224,0.783786335590318
547760,0.48910617784398674,1.0461807331317963
549369,0.34705776045069475,1.842092989394461
571996,0.6380885604913564,0.7441490375835761
561989,0.7918630393719053,0.42449689098942933
553866,0.46947428122777446,1.055569578545413
539047,0.3992274623722971,1.3518932642450028
572952,0.4947080265748837,0.8455049627937721
565746,0.5712356655009904,0.6700860056293995
571871,0.396267380284326,1.7095015361550705
565951,0.5466778433244909,0.9610858225649038
543274,0.5142346896915866,0.9290262487617585
563644,0.6250897054426005,0.782262447846755
566609,0.4044857500454397,1.3821709053924607
516961,0.48702434910084486,0.9319406537685355
564174,0.6384413301388818,0.6057256748742683
531358,0.5619079557063044,0.7208202509357081
573544,0.732698045516624,0.6068918451350487
570020,0.5541677925680417,0.9657165209268
567672,0.4087889709082375,1.2940467750800264
567673,0.4656466533539502,1.31036578213806
525466,0.38965635332340265,1.126499896312391
570865,0.49495434275978867,1.367968534509227
565762,0.4733688117051231,0.9608809322194117
567531,0.5347027472624356,1.3201886992570024
566205,0.6274066015168936,0.690414672465556
559342,0.37840812125674306,1.3286783459994265
521532,0.45375109727264834,1.160966280817037
556151,0.44116179388620724,1.2951578256196055
516818,0.49944031030240194,1.0225551908175357
539969,0.4261626907775808,1.2638094852948105
561405,0.5275398821900236,0.8987532644374263
562316,0.5595963083569606,0.8147669822637934
563714,0.5863425256089881,0.8018454419476776
571212,0.5696721570835629,1.062852830575087
569822,0.31856908855543437,1.625165053237128
567190,0.5633996026273108,0.6896962458443716
566912,0.5980578746949514,0.7767063542287427
563769,0.6035001669835682,0.7311382630972273
517019,0.399556664705072,1.3238248572746836
566147,0.5903401335298191,0.7409945117740693
573409,0.5692834050078152,0.914602928702689
566616,0.5300466385375564,1.2476167196979595
572750,0.5298609380849277,0.8518344580295274
571234,0.4955501695889576,1.438108728214304
567266,0.3846399346200346,1.4256104762719575
525408,0.5262829095142231,0.8356324317304857
561972,0.4525583807572221,1.0431166883689271
571872,0.6729221540882223,0.7839215706217213
521945,0.4433606001405315,1.2004501607880367
559598,0.43348410881111127,1.0257429925869948
572781,0.2972858142155596,1.652555002802415
525360,0.3722966742533551,1.3942949784106593
572700,0.6823751734594546,0.5424190157649585
569313,0.43107362257447857,1.175102358873708
563815,0.6191431956175454,0.7945172581040125
537916,0.460341006379567,1.2319130649233998
571773,0.28445528189946373,1.8275141376887176
542186,0.3546694627780664,1.673073313685605
527809,0.4848063395070039,1.0712769616402238
562657,0.49168839466078457,1.3734553472227582
566305,0.3708408977093718,1.5843255214236631
564662,0.5829689085182457,0.7363927560108091
565789,0.4739488154030155,0.9179341311028656
570269,0.27322489752234513,1.7768673189235407
527799,0.3658452669421641,1.4674289634817606
569716,0.532624873928602,0.884296938678104
540274,0.3736177295163198,1.3708846173555052
567560,0.5880100680987004,0.8162700840445081
516930,0.37189268242770507,1.1699644773883937
565222,0.4965092754210306,0.9113809579335519
565755,0.5291014088450404,0.7902249931159683
544090,0.3144091636344075,1.4582333606443265
553810,0.47805773210162894,1.1865195636477
549871,0.5787601565182247,0.6663713940899356
538933,0.48458134274076264,0.9441752245359446
567691,0.5519820886599959,0.8586676093737429
566515,0.5244808165176927,0.9159158872304972
566144,0.6019624549553824,0.7807864575330181
569717,0.5035233029101515,1.0317491466610513
566228,0.6853159925720089,0.6022592254838645
525599,0.6743805160972828,0.5643300591644832
564330,0.7241844699505882,0.5004704648951824
571235,0.6658921244059927,0.7564699966445991
559051,0.6150424372074648,0.683861402387011
566234,0.47813719145459727,1.3628713589927477
524148,0.47129706233710195,1.1304364196193077
571959,0.549239407180371,0.8264718337695212
572585,0.5851858510996496,0.8628313323361388
561232,0.5936864332466886,0.6990005063647448
572632,0.6727954632746512,0.5495025945342732
559569,0.15452110856351647,2.077993465079138
529315,0.4849234609285334,0.9239050274703601
561619,0.5612920644672995,0.8553181059525564
516925,0.44964669367981286,1.3179576174032426
572539,0.5513859420943269,0.7400741340803296
555824,0.6010176270408202,0.6998018451303935
524158,0.36958103870117354,1.1806454971766727
566155,0.7130726129661323,0.6530661417891548
566245,0.4876333340492269,1.298056912571535
565778,0.5816866273352007,0.7082287489434379
569622,0.49980856980784377,1.2244577409441881
566160,0.6508231874498978,0.6942028085467538
566030,0.6866261500166417,0.7005861844004604
559651,0.6839046708545189,0.6152256443740854
527798,0.45106715446377105,1.2973922449476194
527066,0.5704387896890566,0.8663860166394268
572776,0.45829163095516207,1.3365132183202173
559318,0.3379322265149603,1.488260674139059
566746,0.5023616888108626,1.0249393569058753
567208,0.6741857756970915,0.5605912386959971
572914,0.6090091976251687,0.9156568057335608
565227,0.3115698483969496,1.4563996640550696
571211,0.4390836508359642,1.614955912024446
541820,0.4573967992564941,1.0818307933731888
516937,0.5975027368885971,0.7804541942539879
565766,0.5600757357940142,0.7930791190352915
546260,0.4074601935411363,1.263995826743164
572479,0.583324810234554,0.7075345556500501
573651,0.5378506765991162,0.9832045139432092
559298,0.05492682339245377,2.1694767644465265
560867,0.6591486733728921,0.7321239572719666
564427,0.4472094009806264,1.178467974090621
517315,0.5005457087160773,0.7315573935556028
559293,0.05903731569095625,2.1842600206958958
572790,0.4748394617660666,1.4155057326674862
559288,0.25487976953195784,1.7183182884708608
564218,0.29071748142200937,1.6794916828820161
538298,0.5257497131345874,0.746633575319524
571231,0.494895392437945,1.452813655929501
527060,0.43466426138340664,1.2046940073420884
561627,0.38839293075678905,1.3972976953636498
537141,0.3707859440137721,1.4466729651227948
571239,0.48740130554749106,1.6111469217853542
516935,0.5803591108228632,0.8907510717017703
566737,0.5151708561605726,0.9985167761236748
562831,0.49061356927810923,0.95055759483397
564407,0.6428204250326803,0.5259807568662428
541824,0.3585456002571038,1.568306074092206
566297,0.6755254231316499,0.6265521287729584
564402,0.5658589418826702,0.7417927717596582
557947,0.580091187401996,0.7448954691773575
555823,0.4537401579878207,0.8708406587446292
565764,0.5238283923479747,0.8517878898735897
570358,0.606907128857085,0.8531416433997008
540248,0.5144273489513941,0.7974524198669926
567517,0.44115105434441276,1.167326272103407
563381,0.5612451703623681,0.78453813634424
518508,0.4253346290029266,1.2984144791761654
546246,0.6313677060150731,0.7680995258815312
525358,0.6239209401309467,0.7031421413558654
525460,0.30818240186941376,1.4929379566186745
561988,0.7454183502370179,0.44938754467157
540216,0.5762564860116095,0.7626430334071341
521919,0.39471885098063925,1.071890508878778
571189,0.46066758503137784,1.4401895865659
566308,0.2802874031986485,2.3770603957541754
566193,0.7171513907807127,0.519380242602204
561626,0.4793655710640354,1.2596049700149679
570363,0.6613561467982665,0.6484124971469096
555827,0.4937960830538207,0.9998056767918665
566239,0.6267182272510298,1.4841756604741592
561991,0.7547314262888688,0.5192047488377751
540219,0.6414611217050531,0.7006215848669826
561643,0.3883122258959479,1.3115301206155243
570087,0.6676831949788615,0.5483773113277147
561415,0.5612578481891499,0.9932068543939357
572950,0.2527085737725109,1.515211352314625
571902,0.3371125025401178,1.540000766172866
559431,0.40280481327680195,1.48441685086858
564178,0.6136247995762909,0.8004209377587131
559330,0.40955102984493025,1.0661187702867019
566735,0.5183361142097705,1.0343701098518885
549626,0.5196596079805477,0.7890532975238943
559312,0.42523700255952773,1.0981795251293536
567677,0.4517497691916807,1.4337240463416645
573554,0.37972010003452544,1.25291427547047
565925,0.5782875706462413,0.8825625271556005
561987,0.658364340188862,0.7080584327588788
563379,0.4947770449678339,0.8671942714022203
564216,0.27832497996264177,1.4656422506360753
570017,0.440785314323563,1.1749142738981353
555770,0.5979223058267739,0.8658256608795512
521917,0.4346136996036671,1.166800549419085
558008,0.6796857970514576,0.7060308220705325
572740,0.49390193775000496,1.0332081366561745
561654,0.5184651549996945,0.9849870244771322
567562,0.4976279394226881,1.0184315051908455
523343,0.5485292306299808,0.9478987802487953
561246,0.750503441684245,0.5047164497124068
570831,0.7322926246138952,0.6348491618275437
567166,0.6122727288515329,0.9646455370306084
560704,0.582234216820755,0.8024993449631146
559338,0.3791468466577736,1.4468355973474178
562803,0.544214037098741,0.6783880743448344
567010,0.6376757872700601,0.6839106442639459
559593,0.5219564434838238,0.7024988027081507
527812,0.6310039266729883,0.6182565532577102
567139,0.627082707586846,0.8020213458197538
565780,0.5628281347071366,0.6959932162466682
525326,0.500930252657383,0.7859645629677432
559033,0.46424152434740534,1.2820590932299465
550938,0.49226291617966955,1.0725118295292533
567246,0.7294761293232683,0.6157949876806629
572858,0.5665948644686596,0.8714967715020613
566136,0.7799439320902936,0.5163867276886926
557946,0.23301441647131835,2.01594943359045
564250,0.5741435812289075,0.8639275211462858
573552,0.33731868714830376,1.594904352188314
566327,0.69452912028432,0.6677797768391304
517855,0.5511571132693893,0.963390853686224
565783,0.5079360078597016,0.8520718820246459
572738,0.548181677392094,0.8415088744444881
572639,0.542112783353411,0.7978944098180308
540206,0.5730171441541443,0.7318388232948749
561638,0.42364118248044524,0.9890944917025474
572515,0.6423254248727629,0.7779014137187326
564253,0.5552419274004521,1.0334016271616386
540233,0.5394047760496729,0.9626289113940758
516731,0.5139465296858945,0.9096729804671538
525558,0.5910499881173816,0.7182713792392083
564648,0.7087448071495179,0.5959395430879474
572955,0.2315995226994478,1.9199841234692692
522637,0.4850338265320845,1.0587038327723743
563622,0.6879409685053548,0.641150262165748
561239,0.4739757074243289,1.3584276930887478
517012,0.5801122833420645,0.8075710631380862
569210,0.3027632337906329,1.891847274385427
553858,0.1634904979083472,2.017700241953408
563656,0.41255968120445846,1.2930521006498565
567111,0.6425356503507376,0.6427754076522695
527797,0.4587392881271898,1.1344982861636146
572377,0.5180015884336292,1.2307932862979563
567160,0.28781564851601565,2.015642537406105
566059,0.4206919327010503,0.9853879614255399
572747,0.6987702103483069,0.732719447767326
537893,0.5054789358401337,1.0591869557296891
517124,0.4333112870440934,1.2952357968657255
516862,0.43872896164539105,0.8090604562529602
572768,0.48700110587256606,1.0341974244762286
521937,0.4525150115071104,1.0221992948968281
516962,0.4520313633563247,1.2076452289472577
567212,0.7085961421153861,0.5250358605787987
559287,0.28496598499188736,1.5161024785633717
572708,0.6365954900255069,0.69483581502038
569208,0.4633451932132776,1.0708304362155754
561240,0.6864645683204795,0.6355388820178436
566045,0.44795411739903346,1.0326095945100733
561595,0.5383648692694492,0.7960078972314386
573557,0.4324973774189083,1.2062693230850368
516944,0.533837010716487,0.8993352110073543
567095,0.5169685693496737,0.8650821587418215
537889,0.42030638810057286,1.4831500884581692
569299,0.6595602213046756,0.6389207944714559
569990,0.5900574439574809,0.9101752066649529
571890,0.5554675108788046,1.0714543350803296
562186,0.5407231595699041,0.9530077333675232
571958,0.45963968192639093,1.306021566901675
569298,0.7123776634491618,0.5807060721475816
559301,0.047558236903048216,2.2314855670808433
573448,0.7166080093800699,0.6419842017466164
517021,0.566452696164062,0.958407208016484
571955,0.33039934662052306,2.2664167211542083
553871,0.42619952245692844,1.1474625564829364
525456,0.4448894562765828,1.004906293372307
557952,0.5208404763852187,0.7502993174787206
566091,0.3844226675781218,1.3634558873523832
570867,0.3638023832259717,1.3523193514587706
566652,0.5075899307611482,0.9792097838681665
525390,0.49455613269773235,0.8973597425829773
566233,0.5205404185579172,1.1468099943096557
569280,0.32580891938417733,1.3697834562761853
564445,0.6818525869486181,0.7458790872962635
567159,0.41225114008668895,1.7099371318472423
569316,0.7337366492388027,0.5463675612500831
566064,0.4741334238512198,0.8599678280531196
561609,0.5743375284192993,0.7019058250930492
566685,0.5538912092334658,0.7742639500157731
572996,0.6374071229888845,0.6832201200729949
572634,0.7161560252448947,0.46187876237261755
566731,0.5929908431562879,0.7491447535031346
566330,0.45257371390176854,1.2574012256835791
543262,0.5434812147561935,0.9437433637953134
555829,0.6267957848559736,0.7304349564060844
572638,0.5539637972403526,0.7231100540915515
566660,0.31145917893481945,1.379289052082001
527793,0.4340663015389774,1.0906093928573075
540297,0.6610138029753533,0.5888773665529033
522057,0.5883903652201729,0.906599852821205
561651,0.5752210121115483,0.7240627003861031
565752,0.5187213788447168,0.8160253682790888
566671,0.2237957427003533,1.8141464349977778
566279,0.46986237384017,1.0055704487664103
572646,0.5400931466816385,0.7781812235499139
573311,0.5486724273303308,0.9282728038162656
566151,0.7786395087432465,0.5474086746194264
570840,0.5015757767413057,1.3141318285643249
570951,0.5206466419782823,1.0371226704948004
566243,0.486621533818537,1.2958540415071553
540256,0.6633970106506452,0.7204925172896426
572777,0.5385138262104233,0.9459245745419063
525454,0.6045745209890029,0.764378325156616
571232,0.48740130554749106,1.6111469217853542
570089,0.5238660119638685,0.9533773300003933
569858,0.45199026198259873,1.1239665427198884
571957,0.5408994470065863,0.891375687458939
573829,0.4787522792886422,1.1835417772316412
549630,0.3523205684871484,1.5102860990918225
566246,0.517328796719222,1.116273330500399
559688,0.6499354581852327,0.5478541757302983
564114,0.5382329306558082,1.1183225804857517
529283,0.4222159991761917,1.0617972566578495
572732,0.6015189369236413,0.7055769297604337
563620,0.6111311627029741,0.8097490367571397
555486,0.40532083242731054,1.1416208253678886
571962,0.47458871897690097,1.1980383247887152
566719,0.5551153465809909,1.0015507723246668
566062,0.4666444076763556,0.740465385288122
561986,0.7578188171303731,0.4513271679049397
569303,0.5446491251588599,0.8265967313838652
546259,0.3522211612516877,1.081746688950054
566201,0.6513969259986634,0.8241478218486844
572601,0.6959155248545724,0.6659077343749537
525364,0.4277291735940206,1.2538616033871905
525365,0.40935315032373965,1.4435231143530594
555820,0.641553403115585,0.8448840441067716
572506,0.46813693714129573,1.1803533995432385
570897,0.47106995283631115,1.1262447802240245
562791,0.26643624308090574,1.830258960310757
561668,0.559169425878376,0.9187598127375368
562832,0.5630212793932928,0.8632731343919451
525328,0.4780103930938964,1.010780170572154
541828,0.5365124414959034,0.8732666598706385
573647,0.5411776942452851,1.1282190666369178
572723,0.5492913286470306,0.9425882541519874
540285,0.43982334453692495,1.1381509722853527
570862,0.7675399196512901,0.7161580752240322
571193,0.4762736073224083,1.3044280775867625
566527,0.512098127062911,0.916639901325834
557951,0.44084478595567,1.243666146138084
564203,0.372152790066327,1.1692337328005984
559666,0.7642269088614794,0.49620606463340305
572112,0.5756315153067694,0.7690319584104295
529299,0.7205236375580915,0.6047697637970972
572553,0.5866761784831191,0.7574630501963787
571223,0.48593335951199046,1.6420256768547192
566313,0.5904199540414311,0.6558939616270142
572958,0.458349691588453,1.0234928038420121
565749,0.5908618876641832,0.6302798573597893
561242,0.796972928325911,0.389934032289748
537904,0.5210233796556701,0.8585220281270518
571197,0.48995420743533796,1.2568907486190304
525407,0.5253053196938429,0.93569918697219
527061,0.2304972149697971,1.8988802852012723
570361,0.47333162283329566,1.1008211427631043
561632,0.44548442433292934,1.1034569209328056
516729,0.6018258122517621,0.7168577981023623
567140,0.6080300872615149,0.8495781303161382
572114,0.6280132405569191,0.6665078789052211
540238,0.5080857734385994,0.9062017198632515
566197,0.6292601405964342,0.7096062996302995
570904,0.7954156951587891,0.548120635019215
547686,0.35120106585365696,1.6170530682107949
560857,0.5485957283685831,0.8313456608849349
572546,0.5952764419214106,0.6963297892944182
561984,0.9181690404065777,0.3521538503180094
540257,0.5468963391994716,0.768344934659074
561983,0.7443806605423784,0.5332484410484889
570069,0.5089266027856408,0.9656369010387117
572640,0.7252728347537725,0.4858414176435142
569851,0.4970417578745609,0.8844431084717319
567523,0.2271238448888633,2.150394772942534
567031,0.43134126737714795,1.3439465207330843
566311,0.5004855195994202,0.9091417945277117
571907,0.5039720618130037,0.864024977977022
566528,0.45749625615070344,1.1645718622309724
546394,0.3554041186463507,1.3302017396517916
566172,0.7367639712321533,0.6470935293017427
557957,0.6078843154515061,0.6960297660788838
525413,0.5206294794323977,0.8825876691770435
571935,0.5639075353832074,0.8551330543965773
516927,0.60186915828815,0.7123208144340454
540221,0.5762564860116095,0.7626430334071341
569287,0.11216059178668349,2.172026806246238
559277,0.06694495422218084,2.125881058515951
553884,0.4088298495578491,1.3119948479596146
559680,0.7590221822880737,0.4895342159026806
570377,0.4281609432444192,1.2715485952212153
565220,0.5765660577440594,0.9571553935267496
566529,0.5052155511459896,0.9985292090542222
573655,0.7183292465325212,0.6318105330321273
540819,0.4646959333258712,0.9794336718509499
539971,0.44214418978077225,1.374904970566495
546243,0.5343209614605984,0.7962369302559774
539030,0.6749647150139134,0.6069491165783859
543204,0.48662117183755216,1.0929116349218224
559286,0.11136469680043394,1.7260596229035665
543929,0.3712670465691396,1.666112016602733
551963,0.44215267843302936,1.1582807323399975
561245,0.7704027250053407,0.49126151721167266
549868,0.7782103709135462,0.4492900471025976
571238,0.48820237041040165,1.5942672758612513
563772,0.5864601745175088,0.878855856398684
571770,0.24845832234707532,2.025933957028626
543271,0.41284317838366497,0.8767826214270924
540232,0.4956586686012734,0.9298919712482517
530881,0.37555607984110945,1.531357863562019
525386,0.5056436088236691,1.2190118186753722
570097,0.7246307895119907,0.46747464791834914
546255,0.45593939611493073,1.0300119502623168
564206,0.530512534362663,0.7627008067074327
572540,0.5604409868854495,0.7124687930247764
566198,0.681047406980836,0.7221279537227834
543259,0.5447523280300935,0.9014515684246028
566240,0.48786893433494755,1.2982225417680127
566186,0.4862858148116,0.8539360870405793
571748,0.4134574503107134,1.4417045130458868
525564,0.46077934900481815,1.0276170864635732
567120,0.5905088461095406,1.0283261804747097
564394,0.5926571653994847,0.8002169630045805
543260,0.5341992889940729,1.0778773918888722
569711,0.5740961541017181,0.7550366368215671
572178,0.5012322264198034,1.2694223586749311
561970,0.43524780330496743,1.5318357912686047
546064,0.42097730025563895,1.11507490374208
572590,0.6163076235253367,0.8094598239953024
559676,0.8114250877866134,0.4443653374242519
559275,0.07666146040775634,2.0073272735295955
549622,0.5681267265654293,0.8618413694419528
570084,0.5308263253414625,0.7730034352434217
516726,0.6273652996780033,0.8315422888207974
572780,0.4709295283050559,1.1122390356369116
546245,0.5803427833975847,0.8104685588861503
561413,0.41508393443435554,1.4194696252821912
567093,0.6380981673355911,0.8086596954207199
516932,0.5050400859369522,0.9023213387374157
551530,0.34352473969788533,1.63377648763346
567588,0.377843627608694,1.5906121923996468
563398,0.617592999292009,0.7915836834939074
567247,0.7164343319124197,0.556457289027147
566016,0.41593844189449375,1.3151170220953436
570935,0.4657219131919722,0.9888906359085099
559324,0.39370949249129766,1.2857601038556616
566068,0.507382678098825,0.7405924026098322
516820,0.5404538128281814,0.9859602958740575
567072,0.49942078367149795,1.1775179964086722
566764,0.5000881100843662,1.4451654399073248
564221,0.4254761602965814,1.2230565899284316
564306,0.7808056571039186,0.5161048319418673
571216,0.5033945621975532,1.3056499846955973
572180,0.6991121704033163,0.7296395792770239
570075,0.8030057393099297,0.49614498549891917
557944,0.5629711611292817,1.0099073859098981
567500,0.6215036198279724,0.8129096154980568
560856,0.56424924762492,0.7962417010259393
549635,0.5940305517777047,0.8335311046866225
561244,0.6909102615613035,0.6833505983728552
570378,0.3524168258200844,1.3879436536413903
564411,0.6724932224038523,0.5847847700392956
561953,0.5044936789742004,1.2950184919369077
527063,0.49856889907808083,0.9351398449277079
559687,0.6074164979767752,0.7385235968072524
559670,0.7659455039130115,0.5463431564435427
572924,0.5255289203655064,1.234135033899086
571966,0.49063248711143065,1.101928410159563
561644,0.5787384785197824,0.6314731158526976
540264,0.6113444552372252,0.6715821956254946
569723,0.5938346779986843,0.7176978249767947
527053,0.4281894867085653,1.097098900308402
549874,0.5462284686422066,0.8380215292939793
565786,0.48433958502235525,0.7914473916758266
571196,0.5419429232389233,1.2556377744611449
564328,0.6058268119174691,0.8177642398246195
564197,0.6692709587819915,0.5387359293605981
561367,0.21808843054982044,1.9864303728211046
569284,0.21634952568681828,1.7378413250196791
516938,0.4449892007883562,1.1903310276732646
546258,0.4759980623801849,0.9418531303504946
559659,0.5651381216109347,0.8706314987481103
564627,0.6026408299077632,0.8463026059947122
572521,0.6731623348012504,0.6567434241480353
559559,0.5405479332843333,0.8068163362283763
566280,0.5743048109100641,0.6913108784725833
568119,0.44181571476982123,1.4279540858327902
561015,0.49475505324934965,0.9346908362699688
566765,0.5312542107930625,0.9007308460037522
550009,0.5945497840070262,0.9643482177954392
571214,0.45992687376158253,1.551032808737863
564325,0.6965675640393506,0.5893113343906832
541626,0.5142346896915865,0.929026248761759
569318,0.6710098479805249,0.5836614961034631
560868,0.4853996822526714,1.122807148869935
572771,0.6413256941607158,0.7340040755935002
571870,0.6272426692211042,0.8767639765275425
571219,0.4850111759656873,1.6613930182571253
561982,0.7558253843013503,0.43814770249977475
569408,0.3743800233380395,1.16435529211796
561249,0.8438237643814493,0.43028651075773844
569257,0.6518427505197095,0.6274291154048564
572944,0.56226825225199,0.7463674110934682
571183,0.4602102184677604,1.3749281016495016
522145,0.5164531630850825,1.054121940988358
569359,0.5842689150293612,0.7444289049768308
553870,0.4672505181822456,1.0948991044006064
559689,0.5002850795352212,1.0288963362326493
525362,0.3840944065392304,1.3143121495956127
571207,0.4995456146260716,1.1838764349637867
572644,0.49117621086889357,0.9023176201968415
527062,0.29247750873857875,1.347054366694582
570394,0.6276879929127281,0.6375285295173664
567012,0.5896082768309385,0.6972640206326497
564164,0.6606120972252362,0.6622955202124294
559596,0.47146889364943323,0.8511913275701815
570385,0.41971780127367686,1.7202908061431026
527802,0.466795066574396,0.9567844847414185
572643,0.5736052147133704,0.8161559236286687
561990,0.8226505297981097,0.46942242117397126
559682,0.5635315103735532,0.9164489347948359
572522,0.7514285875275213,0.5062234013564167
525157,0.45413383082724296,1.2818697503042595
540231,0.5564014521301948,0.9286685553551591
525402,0.3704421555633228,1.4559037551925886
564438,0.38457664839331485,1.2732951347817492
544422,0.6238667893763611,0.9552726454558019
564387,0.45505734423054495,0.896209778846287
557953,0.38980940673561554,1.303690396379809
549869,0.5213350751293505,0.8999130052400285
559653,0.5597070465663966,0.7982037209643412
559057,0.43777294965374175,1.145714775206634
572115,0.5853047320086688,0.8176362729326172
567268,0.7048406696186247,0.6038871144036547
572744,0.6121123454208477,0.8098935041530838
540241,0.46446988518147425,1.003837272206085
572512,0.5245555883297629,1.0382116054438286
563309,0.6024702458318333,0.8811489816721476
572542,0.6618626002806011,0.5316371900390319
559310,0.4147111563421073,1.0705032197883768
571228,0.48740130554749106,1.6111469217853542
549999,0.5702339308612521,0.8237223891772685
540230,0.5466402644796945,0.9266535392880518
566519,0.5194445908229705,0.9297047777786942
563297,0.4526822261093156,1.2239340489965314
566545,0.5169117831325459,0.9633245114152791
566196,0.740155837670938,0.576791620607257
572937,0.6176875589473888,0.6068869129143271
559035,0.5641619895569114,0.8080102197819768
570068,0.5086678675441485,0.9657258977394132
553861,0.3212570955993061,1.4214637819644178
549634,0.31279954046109576,1.4133803530275113
570074,0.5784858707458279,0.7995337052023914
551981,0.4930389736524749,0.881947188580928
553825,0.5787846467867149,0.7215273736957419
